{"shakeAmount":0.10000000149011612,"trauma":0.20000000298023225,"decreaseFactor":1.0}