{"shakeDuration":0.30000001192092898,"shakeAmount":0.10000000149011612,"decreaseFactor":1.0}