{"shakeAmount":0.699999988079071,"trauma":0.5,"decreaseFactor":0.10000000149011612}