{"deadPlaces":[{"x":58.64056396484375,"y":15.661340713500977}]}