{"deadPlaces":[{"x":144.62249755859376,"y":62.56898880004883},{"x":133.36097717285157,"y":62.787818908691409}]}