{"deadPlaces":[{"x":44.844451904296878,"y":15.716621398925782}]}