{"deadPlaces":[{"x":133.39353942871095,"y":62.79281997680664},{"x":125.79672241210938,"y":61.652244567871097},{"x":165.35940551757813,"y":78.67529296875},{"x":165.56602478027345,"y":88.1416244506836}]}