{"deadPlaces":[{"x":126.09149169921875,"y":61.58848571777344}]}