{"deadPlaces":[{"x":127.3593978881836,"y":55.73481750488281},{"x":161.35939025878907,"y":55.74738693237305},{"x":163.65585327148438,"y":55.699275970458987}]}