{"deadPlaces":[{"x":162.3018035888672,"y":85.63394165039063},{"x":171.35940551757813,"y":78.76818084716797},{"x":162.34323120117188,"y":85.28250122070313}]}