{"deadPlaces":[{"x":165.7926025390625,"y":88.23038482666016}]}