{"deadPlaces":[{"x":238.53150939941407,"y":102.93179321289063},{"x":217.71206665039063,"y":74.08472442626953},{"x":215.35939025878907,"y":91.93174743652344}]}