{"doorHome":"Level6_Gems_Easy","doorLocation":{"x":11.699999809265137,"y":14.300000190734864,"z":0.0},"landingPlace":{"instanceID":0}}