{"deadPlaces":[{"x":37.1590576171875,"y":30.9317569732666},{"x":32.35942077636719,"y":24.601606369018556},{"x":31.88360595703125,"y":4.809135437011719}]}