{"doorHome":"Level7_Gems_Hard","doorLocation":{"x":43.99671936035156,"y":26.498823165893556,"z":0.0},"landingPlace":{"instanceID":0}}