{"deadPlaces":[{"x":56.65386962890625,"y":5.627185821533203}]}