{"deadPlaces":[{"x":65.00961303710938,"y":26.57794952392578}]}