{"deadPlaces":[{"x":19.744369506835939,"y":-7.313789367675781}]}