{"deadPlaces":[{"x":34.182373046875,"y":-7.0682830810546879}]}