{"deadPlaces":[{"x":21.98480224609375,"y":15.411567687988282}]}