{"deadPlaces":[{"x":120.89012145996094,"y":87.6537094116211}]}