{"deadPlaces":[{"x":-38.964080810546878,"y":-1.2682075500488282}]}