{"doorHome":"Level 1A","doorLocation":{"x":6.69999885559082,"y":83.80000305175781,"z":0.0},"landingPlace":{"instanceID":0}}