{"deadPlaces":[{"x":33.49253845214844,"y":11.07757568359375}]}