{"deadPlaces":[{"x":68.56747436523438,"y":-6.182777404785156},{"x":72.02664184570313,"y":-6.7964324951171879}]}