{"doorHome":"Level 1A","doorLocation":{"x":48.02000045776367,"y":83.94000244140625,"z":0.0},"landingPlace":{"instanceID":0}}