{"deadPlaces":[{"x":21.767333984375,"y":22.9317684173584}]}