{"doorHome":"Level4_Hard_RailBlocks","doorLocation":{"x":98.16510772705078,"y":-0.029999999329447748,"z":0.0},"landingPlace":{"instanceID":18712}}