{"doorHome":"Level6_Gems_Easy","doorLocation":{"x":-0.05000019073486328,"y":30.299999237060548,"z":0.0},"landingPlace":{"instanceID":23264}}