{"deadPlaces":[{"x":57.48204040527344,"y":5.233406066894531},{"x":57.990203857421878,"y":6.961891174316406},{"x":56.428802490234378,"y":4.9516754150390629}]}