{"doorHome":"Level1_Blocked_RailBlock","doorLocation":{"x":227.8000030517578,"y":63.11000061035156,"z":0.0},"landingPlace":{"instanceID":18696}}