{"deadPlaces":[{"x":57.552520751953128,"y":5.276905059814453}]}