{"doorHome":"Level6_Gems_Easy","doorLocation":{"x":38.45000076293945,"y":8.300000190734864,"z":0.0},"landingPlace":{"instanceID":31032}}