{"deadPlaces":[{"x":23.653030395507814,"y":10.504711151123047},{"x":23.6820068359375,"y":10.29732894897461},{"x":60.518524169921878,"y":2.8540687561035158}]}