{"doorHome":"Level7_Gems_Hard","doorLocation":{"x":36.99671936035156,"y":43.49882507324219,"z":0.0},"landingPlace":{"instanceID":0}}