{"deadPlaces":[{"x":237.94482421875,"y":102.93179321289063}]}