{"deadPlaces":[{"x":37.96221923828125,"y":-3.576324462890625},{"x":36.797760009765628,"y":-3.675506591796875}]}