{"deadPlaces":[{"x":54.752044677734378,"y":-3.08978271484375},{"x":57.813201904296878,"y":9.214332580566407},{"x":57.813201904296878,"y":5.966642379760742}]}