{"bufferTimeForJump":0.20000000298023225,"accelCurve":{"serializedVersion":"2","m_Curve":[{"serializedVersion":"3","time":0.0,"value":0.0,"inSlope":14.036104202270508,"outSlope":14.036104202270508,"tangentMode":0,"weightedMode":0,"inWeight":0.0,"outWeight":0.04133130609989166},{"serializedVersion":"3","time":0.30000001192092898,"value":8.0,"inSlope":43.446895599365237,"outSlope":43.446895599365237,"tangentMode":0,"weightedMode":0,"inWeight":0.040815968066453937,"outWeight":0.0}],"m_PreInfinity":2,"m_PostInfinity":2,"m_RotationOrder":4},"decelCurve":{"serializedVersion":"2","m_Curve":[{"serializedVersion":"3","time":0.0,"value":8.0,"inSlope":-174.92662048339845,"outSlope":-174.92662048339845,"tangentMode":0,"weightedMode":0,"inWeight":0.0,"outWeight":0.03193695470690727},{"serializedVersion":"3","time":0.15000000596046449,"value":0.0,"inSlope":-14.546426773071289,"outSlope":-14.546426773071289,"tangentMode":0,"weightedMode":0,"inWeight":0.04966934397816658,"outWeight":0.0}],"m_PreInfinity":2,"m_PostInfinity":2,"m_RotationOrder":4},"maxVelUp":20.0,"fallMultiplier":2.0,"maxJumpHeight":3.0,"jumpHeightForDecel":2.0,"rotateSpeed":20.0,"currentVelocity":{"x":0.0000013758253771811724,"y":-0.7067124247550964}}