{"deadPlaces":[{"x":34.144256591796878,"y":8.4512939453125},{"x":34.24420166015625,"y":8.596336364746094}]}